instance,panel,horizon_months,n,n_note,statistic,inflation_scenario,unemployment_scenario,value_pct,source
Mar 2023,SPD,9,25,matrix N not annotated; survey N=25,p25,SEP-50bp,SEP-50bp,4.88,"mar-2023-spd-results.pdf, scenario table read from the published PDF (pages 4-7)"
Mar 2023,SPD,9,25,matrix N not annotated; survey N=25,p25,SEP-50bp,SEP median,4.63,"mar-2023-spd-results.pdf, scenario table read from the published PDF (pages 4-7)"
Mar 2023,SPD,9,25,matrix N not annotated; survey N=25,p25,SEP-50bp,SEP+50bp,4.13,"mar-2023-spd-results.pdf, scenario table read from the published PDF (pages 4-7)"
Mar 2023,SPD,9,25,matrix N not annotated; survey N=25,p25,SEP median,SEP-50bp,5.13,"mar-2023-spd-results.pdf, scenario table read from the published PDF (pages 4-7)"
Mar 2023,SPD,9,25,matrix N not annotated; survey N=25,p25,SEP median,SEP median,5.13,"mar-2023-spd-results.pdf, scenario table read from the published PDF (pages 4-7)"
Mar 2023,SPD,9,25,matrix N not annotated; survey N=25,p25,SEP median,SEP+50bp,4.88,"mar-2023-spd-results.pdf, scenario table read from the published PDF (pages 4-7)"
Mar 2023,SPD,9,25,matrix N not annotated; survey N=25,p25,SEP+50bp,SEP-50bp,5.63,"mar-2023-spd-results.pdf, scenario table read from the published PDF (pages 4-7)"
Mar 2023,SPD,9,25,matrix N not annotated; survey N=25,p25,SEP+50bp,SEP median,5.38,"mar-2023-spd-results.pdf, scenario table read from the published PDF (pages 4-7)"
Mar 2023,SPD,9,25,matrix N not annotated; survey N=25,p25,SEP+50bp,SEP+50bp,5.13,"mar-2023-spd-results.pdf, scenario table read from the published PDF (pages 4-7)"
Mar 2023,SPD,9,25,matrix N not annotated; survey N=25,med,SEP-50bp,SEP-50bp,5.13,"mar-2023-spd-results.pdf, scenario table read from the published PDF (pages 4-7)"
Mar 2023,SPD,9,25,matrix N not annotated; survey N=25,med,SEP-50bp,SEP median,4.88,"mar-2023-spd-results.pdf, scenario table read from the published PDF (pages 4-7)"
Mar 2023,SPD,9,25,matrix N not annotated; survey N=25,med,SEP-50bp,SEP+50bp,4.38,"mar-2023-spd-results.pdf, scenario table read from the published PDF (pages 4-7)"
Mar 2023,SPD,9,25,matrix N not annotated; survey N=25,med,SEP median,SEP-50bp,5.38,"mar-2023-spd-results.pdf, scenario table read from the published PDF (pages 4-7)"
Mar 2023,SPD,9,25,matrix N not annotated; survey N=25,med,SEP median,SEP median,5.13,"mar-2023-spd-results.pdf, scenario table read from the published PDF (pages 4-7)"
Mar 2023,SPD,9,25,matrix N not annotated; survey N=25,med,SEP median,SEP+50bp,4.88,"mar-2023-spd-results.pdf, scenario table read from the published PDF (pages 4-7)"
Mar 2023,SPD,9,25,matrix N not annotated; survey N=25,med,SEP+50bp,SEP-50bp,5.88,"mar-2023-spd-results.pdf, scenario table read from the published PDF (pages 4-7)"
Mar 2023,SPD,9,25,matrix N not annotated; survey N=25,med,SEP+50bp,SEP median,5.63,"mar-2023-spd-results.pdf, scenario table read from the published PDF (pages 4-7)"
Mar 2023,SPD,9,25,matrix N not annotated; survey N=25,med,SEP+50bp,SEP+50bp,5.38,"mar-2023-spd-results.pdf, scenario table read from the published PDF (pages 4-7)"
Mar 2023,SPD,9,25,matrix N not annotated; survey N=25,p75,SEP-50bp,SEP-50bp,5.13,"mar-2023-spd-results.pdf, scenario table read from the published PDF (pages 4-7)"
Mar 2023,SPD,9,25,matrix N not annotated; survey N=25,p75,SEP-50bp,SEP median,5.13,"mar-2023-spd-results.pdf, scenario table read from the published PDF (pages 4-7)"
Mar 2023,SPD,9,25,matrix N not annotated; survey N=25,p75,SEP-50bp,SEP+50bp,4.63,"mar-2023-spd-results.pdf, scenario table read from the published PDF (pages 4-7)"
Mar 2023,SPD,9,25,matrix N not annotated; survey N=25,p75,SEP median,SEP-50bp,5.38,"mar-2023-spd-results.pdf, scenario table read from the published PDF (pages 4-7)"
Mar 2023,SPD,9,25,matrix N not annotated; survey N=25,p75,SEP median,SEP median,5.13,"mar-2023-spd-results.pdf, scenario table read from the published PDF (pages 4-7)"
Mar 2023,SPD,9,25,matrix N not annotated; survey N=25,p75,SEP median,SEP+50bp,5.13,"mar-2023-spd-results.pdf, scenario table read from the published PDF (pages 4-7)"
Mar 2023,SPD,9,25,matrix N not annotated; survey N=25,p75,SEP+50bp,SEP-50bp,6.13,"mar-2023-spd-results.pdf, scenario table read from the published PDF (pages 4-7)"
Mar 2023,SPD,9,25,matrix N not annotated; survey N=25,p75,SEP+50bp,SEP median,5.63,"mar-2023-spd-results.pdf, scenario table read from the published PDF (pages 4-7)"
Mar 2023,SPD,9,25,matrix N not annotated; survey N=25,p75,SEP+50bp,SEP+50bp,5.63,"mar-2023-spd-results.pdf, scenario table read from the published PDF (pages 4-7)"
Mar 2023,SPD,9,25,matrix N not annotated; survey N=25,uncond_p25,,,5.13,"mar-2023-spd-results.pdf, scenario table read from the published PDF (pages 4-7); unconditional modal path, Dec 12-13 2023 meeting (PDF)"
Mar 2023,SPD,9,25,matrix N not annotated; survey N=25,uncond_p50,,,5.13,"mar-2023-spd-results.pdf, scenario table read from the published PDF (pages 4-7); unconditional modal path, Dec 12-13 2023 meeting (PDF)"
Mar 2023,SPD,9,25,matrix N not annotated; survey N=25,uncond_p75,,,5.38,"mar-2023-spd-results.pdf, scenario table read from the published PDF (pages 4-7); unconditional modal path, Dec 12-13 2023 meeting (PDF)"
Mar 2023,SMP,9,21,(21 responses),p25,SEP-50bp,SEP-50bp,4.63,"mar-2023-smp-results.pdf, scenario table read from the published PDF (pages 4-7)"
Mar 2023,SMP,9,21,(21 responses),p25,SEP-50bp,SEP median,4.38,"mar-2023-smp-results.pdf, scenario table read from the published PDF (pages 4-7)"
Mar 2023,SMP,9,21,(21 responses),p25,SEP-50bp,SEP+50bp,3.88,"mar-2023-smp-results.pdf, scenario table read from the published PDF (pages 4-7)"
Mar 2023,SMP,9,21,(21 responses),p25,SEP median,SEP-50bp,5.13,"mar-2023-smp-results.pdf, scenario table read from the published PDF (pages 4-7)"
Mar 2023,SMP,9,21,(21 responses),p25,SEP median,SEP median,4.88,"mar-2023-smp-results.pdf, scenario table read from the published PDF (pages 4-7)"
Mar 2023,SMP,9,21,(21 responses),p25,SEP median,SEP+50bp,4.63,"mar-2023-smp-results.pdf, scenario table read from the published PDF (pages 4-7)"
Mar 2023,SMP,9,21,(21 responses),p25,SEP+50bp,SEP-50bp,5.63,"mar-2023-smp-results.pdf, scenario table read from the published PDF (pages 4-7)"
Mar 2023,SMP,9,21,(21 responses),p25,SEP+50bp,SEP median,5.38,"mar-2023-smp-results.pdf, scenario table read from the published PDF (pages 4-7)"
Mar 2023,SMP,9,21,(21 responses),p25,SEP+50bp,SEP+50bp,4.88,"mar-2023-smp-results.pdf, scenario table read from the published PDF (pages 4-7)"
Mar 2023,SMP,9,21,(21 responses),med,SEP-50bp,SEP-50bp,5.13,"mar-2023-smp-results.pdf, scenario table read from the published PDF (pages 4-7)"
Mar 2023,SMP,9,21,(21 responses),med,SEP-50bp,SEP median,4.88,"mar-2023-smp-results.pdf, scenario table read from the published PDF (pages 4-7)"
Mar 2023,SMP,9,21,(21 responses),med,SEP-50bp,SEP+50bp,4.13,"mar-2023-smp-results.pdf, scenario table read from the published PDF (pages 4-7)"
Mar 2023,SMP,9,21,(21 responses),med,SEP median,SEP-50bp,5.38,"mar-2023-smp-results.pdf, scenario table read from the published PDF (pages 4-7)"
Mar 2023,SMP,9,21,(21 responses),med,SEP median,SEP median,5.13,"mar-2023-smp-results.pdf, scenario table read from the published PDF (pages 4-7)"
Mar 2023,SMP,9,21,(21 responses),med,SEP median,SEP+50bp,4.88,"mar-2023-smp-results.pdf, scenario table read from the published PDF (pages 4-7)"
Mar 2023,SMP,9,21,(21 responses),med,SEP+50bp,SEP-50bp,6.0,"mar-2023-smp-results.pdf, scenario table read from the published PDF (pages 4-7)"
Mar 2023,SMP,9,21,(21 responses),med,SEP+50bp,SEP median,5.63,"mar-2023-smp-results.pdf, scenario table read from the published PDF (pages 4-7)"
Mar 2023,SMP,9,21,(21 responses),med,SEP+50bp,SEP+50bp,5.38,"mar-2023-smp-results.pdf, scenario table read from the published PDF (pages 4-7)"
Mar 2023,SMP,9,21,(21 responses),p75,SEP-50bp,SEP-50bp,5.13,"mar-2023-smp-results.pdf, scenario table read from the published PDF (pages 4-7)"
Mar 2023,SMP,9,21,(21 responses),p75,SEP-50bp,SEP median,5.13,"mar-2023-smp-results.pdf, scenario table read from the published PDF (pages 4-7)"
Mar 2023,SMP,9,21,(21 responses),p75,SEP-50bp,SEP+50bp,4.63,"mar-2023-smp-results.pdf, scenario table read from the published PDF (pages 4-7)"
Mar 2023,SMP,9,21,(21 responses),p75,SEP median,SEP-50bp,5.63,"mar-2023-smp-results.pdf, scenario table read from the published PDF (pages 4-7)"
Mar 2023,SMP,9,21,(21 responses),p75,SEP median,SEP median,5.38,"mar-2023-smp-results.pdf, scenario table read from the published PDF (pages 4-7)"
Mar 2023,SMP,9,21,(21 responses),p75,SEP median,SEP+50bp,5.13,"mar-2023-smp-results.pdf, scenario table read from the published PDF (pages 4-7)"
Mar 2023,SMP,9,21,(21 responses),p75,SEP+50bp,SEP-50bp,6.13,"mar-2023-smp-results.pdf, scenario table read from the published PDF (pages 4-7)"
Mar 2023,SMP,9,21,(21 responses),p75,SEP+50bp,SEP median,5.88,"mar-2023-smp-results.pdf, scenario table read from the published PDF (pages 4-7)"
Mar 2023,SMP,9,21,(21 responses),p75,SEP+50bp,SEP+50bp,5.63,"mar-2023-smp-results.pdf, scenario table read from the published PDF (pages 4-7)"
Mar 2023,SMP,9,21,(21 responses),uncond_p25,,,5.13,"mar-2023-smp-results.pdf, scenario table read from the published PDF (pages 4-7); unconditional modal path, Dec 12-13 2023 meeting (PDF)"
Mar 2023,SMP,9,21,(21 responses),uncond_p50,,,5.13,"mar-2023-smp-results.pdf, scenario table read from the published PDF (pages 4-7); unconditional modal path, Dec 12-13 2023 meeting (PDF)"
Mar 2023,SMP,9,21,(21 responses),uncond_p75,,,5.38,"mar-2023-smp-results.pdf, scenario table read from the published PDF (pages 4-7); unconditional modal path, Dec 12-13 2023 meeting (PDF)"
Apr/May 2024,SPD,8,24,xlsx count,p25,SEP-50bp,SEP-50bp,4.38,"apr-may-2024-spd-results.pdf, scenario table read from the published PDF (the workbook's scenario cells are zeroed at source)"
Apr/May 2024,SPD,8,24,xlsx count,p25,SEP-50bp,SEP median,4.31,"apr-may-2024-spd-results.pdf, scenario table read from the published PDF (the workbook's scenario cells are zeroed at source)"
Apr/May 2024,SPD,8,24,xlsx count,p25,SEP-50bp,SEP+50bp,3.56,"apr-may-2024-spd-results.pdf, scenario table read from the published PDF (the workbook's scenario cells are zeroed at source)"
Apr/May 2024,SPD,8,24,xlsx count,p25,SEP median,SEP-50bp,4.88,"apr-may-2024-spd-results.pdf, scenario table read from the published PDF (the workbook's scenario cells are zeroed at source)"
Apr/May 2024,SPD,8,24,xlsx count,p25,SEP median,SEP median,4.63,"apr-may-2024-spd-results.pdf, scenario table read from the published PDF (the workbook's scenario cells are zeroed at source)"
Apr/May 2024,SPD,8,24,xlsx count,p25,SEP median,SEP+50bp,4.13,"apr-may-2024-spd-results.pdf, scenario table read from the published PDF (the workbook's scenario cells are zeroed at source)"
Apr/May 2024,SPD,8,24,xlsx count,p25,SEP+50bp,SEP-50bp,5.38,"apr-may-2024-spd-results.pdf, scenario table read from the published PDF (the workbook's scenario cells are zeroed at source)"
Apr/May 2024,SPD,8,24,xlsx count,p25,SEP+50bp,SEP median,5.38,"apr-may-2024-spd-results.pdf, scenario table read from the published PDF (the workbook's scenario cells are zeroed at source)"
Apr/May 2024,SPD,8,24,xlsx count,p25,SEP+50bp,SEP+50bp,4.81,"apr-may-2024-spd-results.pdf, scenario table read from the published PDF (the workbook's scenario cells are zeroed at source)"
Apr/May 2024,SPD,8,24,xlsx count,med,SEP-50bp,SEP-50bp,4.63,"apr-may-2024-spd-results.pdf, scenario table read from the published PDF (the workbook's scenario cells are zeroed at source)"
Apr/May 2024,SPD,8,24,xlsx count,med,SEP-50bp,SEP median,4.5,"apr-may-2024-spd-results.pdf, scenario table read from the published PDF (the workbook's scenario cells are zeroed at source)"
Apr/May 2024,SPD,8,24,xlsx count,med,SEP-50bp,SEP+50bp,4.13,"apr-may-2024-spd-results.pdf, scenario table read from the published PDF (the workbook's scenario cells are zeroed at source)"
Apr/May 2024,SPD,8,24,xlsx count,med,SEP median,SEP-50bp,5.0,"apr-may-2024-spd-results.pdf, scenario table read from the published PDF (the workbook's scenario cells are zeroed at source)"
Apr/May 2024,SPD,8,24,xlsx count,med,SEP median,SEP median,4.88,"apr-may-2024-spd-results.pdf, scenario table read from the published PDF (the workbook's scenario cells are zeroed at source)"
Apr/May 2024,SPD,8,24,xlsx count,med,SEP median,SEP+50bp,4.38,"apr-may-2024-spd-results.pdf, scenario table read from the published PDF (the workbook's scenario cells are zeroed at source)"
Apr/May 2024,SPD,8,24,xlsx count,med,SEP+50bp,SEP-50bp,5.63,"apr-may-2024-spd-results.pdf, scenario table read from the published PDF (the workbook's scenario cells are zeroed at source)"
Apr/May 2024,SPD,8,24,xlsx count,med,SEP+50bp,SEP median,5.38,"apr-may-2024-spd-results.pdf, scenario table read from the published PDF (the workbook's scenario cells are zeroed at source)"
Apr/May 2024,SPD,8,24,xlsx count,med,SEP+50bp,SEP+50bp,5.13,"apr-may-2024-spd-results.pdf, scenario table read from the published PDF (the workbook's scenario cells are zeroed at source)"
Apr/May 2024,SPD,8,24,xlsx count,p75,SEP-50bp,SEP-50bp,4.94,"apr-may-2024-spd-results.pdf, scenario table read from the published PDF (the workbook's scenario cells are zeroed at source)"
Apr/May 2024,SPD,8,24,xlsx count,p75,SEP-50bp,SEP median,4.69,"apr-may-2024-spd-results.pdf, scenario table read from the published PDF (the workbook's scenario cells are zeroed at source)"
Apr/May 2024,SPD,8,24,xlsx count,p75,SEP-50bp,SEP+50bp,4.38,"apr-may-2024-spd-results.pdf, scenario table read from the published PDF (the workbook's scenario cells are zeroed at source)"
Apr/May 2024,SPD,8,24,xlsx count,p75,SEP median,SEP-50bp,5.38,"apr-may-2024-spd-results.pdf, scenario table read from the published PDF (the workbook's scenario cells are zeroed at source)"
Apr/May 2024,SPD,8,24,xlsx count,p75,SEP median,SEP median,4.88,"apr-may-2024-spd-results.pdf, scenario table read from the published PDF (the workbook's scenario cells are zeroed at source)"
Apr/May 2024,SPD,8,24,xlsx count,p75,SEP median,SEP+50bp,4.69,"apr-may-2024-spd-results.pdf, scenario table read from the published PDF (the workbook's scenario cells are zeroed at source)"
Apr/May 2024,SPD,8,24,xlsx count,p75,SEP+50bp,SEP-50bp,5.63,"apr-may-2024-spd-results.pdf, scenario table read from the published PDF (the workbook's scenario cells are zeroed at source)"
Apr/May 2024,SPD,8,24,xlsx count,p75,SEP+50bp,SEP median,5.38,"apr-may-2024-spd-results.pdf, scenario table read from the published PDF (the workbook's scenario cells are zeroed at source)"
Apr/May 2024,SPD,8,24,xlsx count,p75,SEP+50bp,SEP+50bp,5.38,"apr-may-2024-spd-results.pdf, scenario table read from the published PDF (the workbook's scenario cells are zeroed at source)"
Apr/May 2024,SMP,8,21,(21 responses),p25,SEP-50bp,SEP-50bp,4.63,"apr-may-2024-smp-results.pdf, scenario table read from the published PDF (the workbook's scenario cells are zeroed at source)"
Apr/May 2024,SMP,8,21,(21 responses),p25,SEP-50bp,SEP median,4.38,"apr-may-2024-smp-results.pdf, scenario table read from the published PDF (the workbook's scenario cells are zeroed at source)"
Apr/May 2024,SMP,8,21,(21 responses),p25,SEP-50bp,SEP+50bp,3.88,"apr-may-2024-smp-results.pdf, scenario table read from the published PDF (the workbook's scenario cells are zeroed at source)"
Apr/May 2024,SMP,8,21,(21 responses),p25,SEP median,SEP-50bp,4.88,"apr-may-2024-smp-results.pdf, scenario table read from the published PDF (the workbook's scenario cells are zeroed at source)"
Apr/May 2024,SMP,8,21,(21 responses),p25,SEP median,SEP median,4.63,"apr-may-2024-smp-results.pdf, scenario table read from the published PDF (the workbook's scenario cells are zeroed at source)"
Apr/May 2024,SMP,8,21,(21 responses),p25,SEP median,SEP+50bp,4.13,"apr-may-2024-smp-results.pdf, scenario table read from the published PDF (the workbook's scenario cells are zeroed at source)"
Apr/May 2024,SMP,8,21,(21 responses),p25,SEP+50bp,SEP-50bp,5.63,"apr-may-2024-smp-results.pdf, scenario table read from the published PDF (the workbook's scenario cells are zeroed at source)"
Apr/May 2024,SMP,8,21,(21 responses),p25,SEP+50bp,SEP median,5.38,"apr-may-2024-smp-results.pdf, scenario table read from the published PDF (the workbook's scenario cells are zeroed at source)"
Apr/May 2024,SMP,8,21,(21 responses),p25,SEP+50bp,SEP+50bp,4.88,"apr-may-2024-smp-results.pdf, scenario table read from the published PDF (the workbook's scenario cells are zeroed at source)"
Apr/May 2024,SMP,8,21,(21 responses),med,SEP-50bp,SEP-50bp,4.63,"apr-may-2024-smp-results.pdf, scenario table read from the published PDF (the workbook's scenario cells are zeroed at source)"
Apr/May 2024,SMP,8,21,(21 responses),med,SEP-50bp,SEP median,4.63,"apr-may-2024-smp-results.pdf, scenario table read from the published PDF (the workbook's scenario cells are zeroed at source)"
Apr/May 2024,SMP,8,21,(21 responses),med,SEP-50bp,SEP+50bp,4.13,"apr-may-2024-smp-results.pdf, scenario table read from the published PDF (the workbook's scenario cells are zeroed at source)"
Apr/May 2024,SMP,8,21,(21 responses),med,SEP median,SEP-50bp,5.13,"apr-may-2024-smp-results.pdf, scenario table read from the published PDF (the workbook's scenario cells are zeroed at source)"
Apr/May 2024,SMP,8,21,(21 responses),med,SEP median,SEP median,4.88,"apr-may-2024-smp-results.pdf, scenario table read from the published PDF (the workbook's scenario cells are zeroed at source)"
Apr/May 2024,SMP,8,21,(21 responses),med,SEP median,SEP+50bp,4.63,"apr-may-2024-smp-results.pdf, scenario table read from the published PDF (the workbook's scenario cells are zeroed at source)"
Apr/May 2024,SMP,8,21,(21 responses),med,SEP+50bp,SEP-50bp,5.88,"apr-may-2024-smp-results.pdf, scenario table read from the published PDF (the workbook's scenario cells are zeroed at source)"
Apr/May 2024,SMP,8,21,(21 responses),med,SEP+50bp,SEP median,5.38,"apr-may-2024-smp-results.pdf, scenario table read from the published PDF (the workbook's scenario cells are zeroed at source)"
Apr/May 2024,SMP,8,21,(21 responses),med,SEP+50bp,SEP+50bp,5.13,"apr-may-2024-smp-results.pdf, scenario table read from the published PDF (the workbook's scenario cells are zeroed at source)"
Apr/May 2024,SMP,8,21,(21 responses),p75,SEP-50bp,SEP-50bp,4.88,"apr-may-2024-smp-results.pdf, scenario table read from the published PDF (the workbook's scenario cells are zeroed at source)"
Apr/May 2024,SMP,8,21,(21 responses),p75,SEP-50bp,SEP median,4.63,"apr-may-2024-smp-results.pdf, scenario table read from the published PDF (the workbook's scenario cells are zeroed at source)"
Apr/May 2024,SMP,8,21,(21 responses),p75,SEP-50bp,SEP+50bp,4.13,"apr-may-2024-smp-results.pdf, scenario table read from the published PDF (the workbook's scenario cells are zeroed at source)"
Apr/May 2024,SMP,8,21,(21 responses),p75,SEP median,SEP-50bp,5.38,"apr-may-2024-smp-results.pdf, scenario table read from the published PDF (the workbook's scenario cells are zeroed at source)"
Apr/May 2024,SMP,8,21,(21 responses),p75,SEP median,SEP median,4.88,"apr-may-2024-smp-results.pdf, scenario table read from the published PDF (the workbook's scenario cells are zeroed at source)"
Apr/May 2024,SMP,8,21,(21 responses),p75,SEP median,SEP+50bp,4.63,"apr-may-2024-smp-results.pdf, scenario table read from the published PDF (the workbook's scenario cells are zeroed at source)"
Apr/May 2024,SMP,8,21,(21 responses),p75,SEP+50bp,SEP-50bp,5.88,"apr-may-2024-smp-results.pdf, scenario table read from the published PDF (the workbook's scenario cells are zeroed at source)"
Apr/May 2024,SMP,8,21,(21 responses),p75,SEP+50bp,SEP median,5.63,"apr-may-2024-smp-results.pdf, scenario table read from the published PDF (the workbook's scenario cells are zeroed at source)"
Apr/May 2024,SMP,8,21,(21 responses),p75,SEP+50bp,SEP+50bp,5.38,"apr-may-2024-smp-results.pdf, scenario table read from the published PDF (the workbook's scenario cells are zeroed at source)"
Sep 2024,SPD,3,23,(23 responses),p25,SEP-50bp,SEP-50bp,4.63,"sep-2024-spd-results.pdf, scenario table read from the published PDF (the workbook's scenario cells are zeroed at source)"
Sep 2024,SPD,3,23,(23 responses),p25,SEP-50bp,SEP median,4.38,"sep-2024-spd-results.pdf, scenario table read from the published PDF (the workbook's scenario cells are zeroed at source)"
Sep 2024,SPD,3,23,(23 responses),p25,SEP-50bp,SEP+50bp,3.88,"sep-2024-spd-results.pdf, scenario table read from the published PDF (the workbook's scenario cells are zeroed at source)"
Sep 2024,SPD,3,23,(23 responses),p25,SEP median,SEP-50bp,5.0,"sep-2024-spd-results.pdf, scenario table read from the published PDF (the workbook's scenario cells are zeroed at source)"
Sep 2024,SPD,3,23,(23 responses),p25,SEP median,SEP median,4.88,"sep-2024-spd-results.pdf, scenario table read from the published PDF (the workbook's scenario cells are zeroed at source)"
Sep 2024,SPD,3,23,(23 responses),p25,SEP median,SEP+50bp,4.38,"sep-2024-spd-results.pdf, scenario table read from the published PDF (the workbook's scenario cells are zeroed at source)"
Sep 2024,SPD,3,23,(23 responses),p25,SEP+50bp,SEP-50bp,5.13,"sep-2024-spd-results.pdf, scenario table read from the published PDF (the workbook's scenario cells are zeroed at source)"
Sep 2024,SPD,3,23,(23 responses),p25,SEP+50bp,SEP median,5.13,"sep-2024-spd-results.pdf, scenario table read from the published PDF (the workbook's scenario cells are zeroed at source)"
Sep 2024,SPD,3,23,(23 responses),p25,SEP+50bp,SEP+50bp,4.63,"sep-2024-spd-results.pdf, scenario table read from the published PDF (the workbook's scenario cells are zeroed at source)"
Sep 2024,SPD,3,23,(23 responses),med,SEP-50bp,SEP-50bp,4.88,"sep-2024-spd-results.pdf, scenario table read from the published PDF (the workbook's scenario cells are zeroed at source)"
Sep 2024,SPD,3,23,(23 responses),med,SEP-50bp,SEP median,4.63,"sep-2024-spd-results.pdf, scenario table read from the published PDF (the workbook's scenario cells are zeroed at source)"
Sep 2024,SPD,3,23,(23 responses),med,SEP-50bp,SEP+50bp,4.13,"sep-2024-spd-results.pdf, scenario table read from the published PDF (the workbook's scenario cells are zeroed at source)"
Sep 2024,SPD,3,23,(23 responses),med,SEP median,SEP-50bp,5.13,"sep-2024-spd-results.pdf, scenario table read from the published PDF (the workbook's scenario cells are zeroed at source)"
Sep 2024,SPD,3,23,(23 responses),med,SEP median,SEP median,4.88,"sep-2024-spd-results.pdf, scenario table read from the published PDF (the workbook's scenario cells are zeroed at source)"
Sep 2024,SPD,3,23,(23 responses),med,SEP median,SEP+50bp,4.38,"sep-2024-spd-results.pdf, scenario table read from the published PDF (the workbook's scenario cells are zeroed at source)"
Sep 2024,SPD,3,23,(23 responses),med,SEP+50bp,SEP-50bp,5.13,"sep-2024-spd-results.pdf, scenario table read from the published PDF (the workbook's scenario cells are zeroed at source)"
Sep 2024,SPD,3,23,(23 responses),med,SEP+50bp,SEP median,5.13,"sep-2024-spd-results.pdf, scenario table read from the published PDF (the workbook's scenario cells are zeroed at source)"
Sep 2024,SPD,3,23,(23 responses),med,SEP+50bp,SEP+50bp,4.88,"sep-2024-spd-results.pdf, scenario table read from the published PDF (the workbook's scenario cells are zeroed at source)"
Sep 2024,SPD,3,23,(23 responses),p75,SEP-50bp,SEP-50bp,5.0,"sep-2024-spd-results.pdf, scenario table read from the published PDF (the workbook's scenario cells are zeroed at source)"
Sep 2024,SPD,3,23,(23 responses),p75,SEP-50bp,SEP median,4.75,"sep-2024-spd-results.pdf, scenario table read from the published PDF (the workbook's scenario cells are zeroed at source)"
Sep 2024,SPD,3,23,(23 responses),p75,SEP-50bp,SEP+50bp,4.38,"sep-2024-spd-results.pdf, scenario table read from the published PDF (the workbook's scenario cells are zeroed at source)"
Sep 2024,SPD,3,23,(23 responses),p75,SEP median,SEP-50bp,5.38,"sep-2024-spd-results.pdf, scenario table read from the published PDF (the workbook's scenario cells are zeroed at source)"
Sep 2024,SPD,3,23,(23 responses),p75,SEP median,SEP median,5.13,"sep-2024-spd-results.pdf, scenario table read from the published PDF (the workbook's scenario cells are zeroed at source)"
Sep 2024,SPD,3,23,(23 responses),p75,SEP median,SEP+50bp,4.63,"sep-2024-spd-results.pdf, scenario table read from the published PDF (the workbook's scenario cells are zeroed at source)"
Sep 2024,SPD,3,23,(23 responses),p75,SEP+50bp,SEP-50bp,5.63,"sep-2024-spd-results.pdf, scenario table read from the published PDF (the workbook's scenario cells are zeroed at source)"
Sep 2024,SPD,3,23,(23 responses),p75,SEP+50bp,SEP median,5.38,"sep-2024-spd-results.pdf, scenario table read from the published PDF (the workbook's scenario cells are zeroed at source)"
Sep 2024,SPD,3,23,(23 responses),p75,SEP+50bp,SEP+50bp,4.88,"sep-2024-spd-results.pdf, scenario table read from the published PDF (the workbook's scenario cells are zeroed at source)"
Sep 2024,SMP,3,24,xlsx count,p25,SEP-50bp,SEP-50bp,4.63,"sep-2024-smp-results.pdf, scenario table read from the published PDF (the workbook's scenario cells are zeroed at source)"
Sep 2024,SMP,3,24,xlsx count,p25,SEP-50bp,SEP median,4.38,"sep-2024-smp-results.pdf, scenario table read from the published PDF (the workbook's scenario cells are zeroed at source)"
Sep 2024,SMP,3,24,xlsx count,p25,SEP-50bp,SEP+50bp,3.88,"sep-2024-smp-results.pdf, scenario table read from the published PDF (the workbook's scenario cells are zeroed at source)"
Sep 2024,SMP,3,24,xlsx count,p25,SEP median,SEP-50bp,4.88,"sep-2024-smp-results.pdf, scenario table read from the published PDF (the workbook's scenario cells are zeroed at source)"
Sep 2024,SMP,3,24,xlsx count,p25,SEP median,SEP median,4.63,"sep-2024-smp-results.pdf, scenario table read from the published PDF (the workbook's scenario cells are zeroed at source)"
Sep 2024,SMP,3,24,xlsx count,p25,SEP median,SEP+50bp,4.31,"sep-2024-smp-results.pdf, scenario table read from the published PDF (the workbook's scenario cells are zeroed at source)"
Sep 2024,SMP,3,24,xlsx count,p25,SEP+50bp,SEP-50bp,5.13,"sep-2024-smp-results.pdf, scenario table read from the published PDF (the workbook's scenario cells are zeroed at source)"
Sep 2024,SMP,3,24,xlsx count,p25,SEP+50bp,SEP median,4.88,"sep-2024-smp-results.pdf, scenario table read from the published PDF (the workbook's scenario cells are zeroed at source)"
Sep 2024,SMP,3,24,xlsx count,p25,SEP+50bp,SEP+50bp,4.63,"sep-2024-smp-results.pdf, scenario table read from the published PDF (the workbook's scenario cells are zeroed at source)"
Sep 2024,SMP,3,24,xlsx count,med,SEP-50bp,SEP-50bp,4.63,"sep-2024-smp-results.pdf, scenario table read from the published PDF (the workbook's scenario cells are zeroed at source)"
Sep 2024,SMP,3,24,xlsx count,med,SEP-50bp,SEP median,4.63,"sep-2024-smp-results.pdf, scenario table read from the published PDF (the workbook's scenario cells are zeroed at source)"
Sep 2024,SMP,3,24,xlsx count,med,SEP-50bp,SEP+50bp,4.0,"sep-2024-smp-results.pdf, scenario table read from the published PDF (the workbook's scenario cells are zeroed at source)"
Sep 2024,SMP,3,24,xlsx count,med,SEP median,SEP-50bp,5.13,"sep-2024-smp-results.pdf, scenario table read from the published PDF (the workbook's scenario cells are zeroed at source)"
Sep 2024,SMP,3,24,xlsx count,med,SEP median,SEP median,4.88,"sep-2024-smp-results.pdf, scenario table read from the published PDF (the workbook's scenario cells are zeroed at source)"
Sep 2024,SMP,3,24,xlsx count,med,SEP median,SEP+50bp,4.38,"sep-2024-smp-results.pdf, scenario table read from the published PDF (the workbook's scenario cells are zeroed at source)"
Sep 2024,SMP,3,24,xlsx count,med,SEP+50bp,SEP-50bp,5.38,"sep-2024-smp-results.pdf, scenario table read from the published PDF (the workbook's scenario cells are zeroed at source)"
Sep 2024,SMP,3,24,xlsx count,med,SEP+50bp,SEP median,5.13,"sep-2024-smp-results.pdf, scenario table read from the published PDF (the workbook's scenario cells are zeroed at source)"
Sep 2024,SMP,3,24,xlsx count,med,SEP+50bp,SEP+50bp,5.13,"sep-2024-smp-results.pdf, scenario table read from the published PDF (the workbook's scenario cells are zeroed at source)"
Sep 2024,SMP,3,24,xlsx count,p75,SEP-50bp,SEP-50bp,4.88,"sep-2024-smp-results.pdf, scenario table read from the published PDF (the workbook's scenario cells are zeroed at source)"
Sep 2024,SMP,3,24,xlsx count,p75,SEP-50bp,SEP median,4.63,"sep-2024-smp-results.pdf, scenario table read from the published PDF (the workbook's scenario cells are zeroed at source)"
Sep 2024,SMP,3,24,xlsx count,p75,SEP-50bp,SEP+50bp,4.63,"sep-2024-smp-results.pdf, scenario table read from the published PDF (the workbook's scenario cells are zeroed at source)"
Sep 2024,SMP,3,24,xlsx count,p75,SEP median,SEP-50bp,5.13,"sep-2024-smp-results.pdf, scenario table read from the published PDF (the workbook's scenario cells are zeroed at source)"
Sep 2024,SMP,3,24,xlsx count,p75,SEP median,SEP median,5.13,"sep-2024-smp-results.pdf, scenario table read from the published PDF (the workbook's scenario cells are zeroed at source)"
Sep 2024,SMP,3,24,xlsx count,p75,SEP median,SEP+50bp,4.63,"sep-2024-smp-results.pdf, scenario table read from the published PDF (the workbook's scenario cells are zeroed at source)"
Sep 2024,SMP,3,24,xlsx count,p75,SEP+50bp,SEP-50bp,5.63,"sep-2024-smp-results.pdf, scenario table read from the published PDF (the workbook's scenario cells are zeroed at source)"
Sep 2024,SMP,3,24,xlsx count,p75,SEP+50bp,SEP median,5.38,"sep-2024-smp-results.pdf, scenario table read from the published PDF (the workbook's scenario cells are zeroed at source)"
Sep 2024,SMP,3,24,xlsx count,p75,SEP+50bp,SEP+50bp,5.19,"sep-2024-smp-results.pdf, scenario table read from the published PDF (the workbook's scenario cells are zeroed at source)"
Apr 2026,Combined,8,58,PDF: n=58 of 62,p25,SEP-50bp,SEP-50bp,3.13,"apr-2026 SME results PDF, scenario table read independently of the workbook (cross-validation only)"
Apr 2026,Combined,8,58,PDF: n=58 of 62,p25,SEP-50bp,SEP median,2.88,"apr-2026 SME results PDF, scenario table read independently of the workbook (cross-validation only)"
Apr 2026,Combined,8,58,PDF: n=58 of 62,p25,SEP-50bp,SEP+50bp,2.63,"apr-2026 SME results PDF, scenario table read independently of the workbook (cross-validation only)"
Apr 2026,Combined,8,58,PDF: n=58 of 62,p25,SEP median,SEP-50bp,3.63,"apr-2026 SME results PDF, scenario table read independently of the workbook (cross-validation only)"
Apr 2026,Combined,8,58,PDF: n=58 of 62,p25,SEP median,SEP median,3.13,"apr-2026 SME results PDF, scenario table read independently of the workbook (cross-validation only)"
Apr 2026,Combined,8,58,PDF: n=58 of 62,p25,SEP median,SEP+50bp,2.88,"apr-2026 SME results PDF, scenario table read independently of the workbook (cross-validation only)"
Apr 2026,Combined,8,58,PDF: n=58 of 62,p25,SEP+50bp,SEP-50bp,3.63,"apr-2026 SME results PDF, scenario table read independently of the workbook (cross-validation only)"
Apr 2026,Combined,8,58,PDF: n=58 of 62,p25,SEP+50bp,SEP median,3.63,"apr-2026 SME results PDF, scenario table read independently of the workbook (cross-validation only)"
Apr 2026,Combined,8,58,PDF: n=58 of 62,p25,SEP+50bp,SEP+50bp,3.13,"apr-2026 SME results PDF, scenario table read independently of the workbook (cross-validation only)"
Apr 2026,Combined,8,58,PDF: n=58 of 62,med,SEP-50bp,SEP-50bp,3.38,"apr-2026 SME results PDF, scenario table read independently of the workbook (cross-validation only)"
Apr 2026,Combined,8,58,PDF: n=58 of 62,med,SEP-50bp,SEP median,3.13,"apr-2026 SME results PDF, scenario table read independently of the workbook (cross-validation only)"
Apr 2026,Combined,8,58,PDF: n=58 of 62,med,SEP-50bp,SEP+50bp,2.63,"apr-2026 SME results PDF, scenario table read independently of the workbook (cross-validation only)"
Apr 2026,Combined,8,58,PDF: n=58 of 62,med,SEP median,SEP-50bp,3.63,"apr-2026 SME results PDF, scenario table read independently of the workbook (cross-validation only)"
Apr 2026,Combined,8,58,PDF: n=58 of 62,med,SEP median,SEP median,3.38,"apr-2026 SME results PDF, scenario table read independently of the workbook (cross-validation only)"
Apr 2026,Combined,8,58,PDF: n=58 of 62,med,SEP median,SEP+50bp,3.0,"apr-2026 SME results PDF, scenario table read independently of the workbook (cross-validation only)"
Apr 2026,Combined,8,58,PDF: n=58 of 62,med,SEP+50bp,SEP-50bp,3.88,"apr-2026 SME results PDF, scenario table read independently of the workbook (cross-validation only)"
Apr 2026,Combined,8,58,PDF: n=58 of 62,med,SEP+50bp,SEP median,3.63,"apr-2026 SME results PDF, scenario table read independently of the workbook (cross-validation only)"
Apr 2026,Combined,8,58,PDF: n=58 of 62,med,SEP+50bp,SEP+50bp,3.38,"apr-2026 SME results PDF, scenario table read independently of the workbook (cross-validation only)"
Apr 2026,Combined,8,58,PDF: n=58 of 62,p75,SEP-50bp,SEP-50bp,3.63,"apr-2026 SME results PDF, scenario table read independently of the workbook (cross-validation only)"
Apr 2026,Combined,8,58,PDF: n=58 of 62,p75,SEP-50bp,SEP median,3.31,"apr-2026 SME results PDF, scenario table read independently of the workbook (cross-validation only)"
Apr 2026,Combined,8,58,PDF: n=58 of 62,p75,SEP-50bp,SEP+50bp,2.88,"apr-2026 SME results PDF, scenario table read independently of the workbook (cross-validation only)"
Apr 2026,Combined,8,58,PDF: n=58 of 62,p75,SEP median,SEP-50bp,3.63,"apr-2026 SME results PDF, scenario table read independently of the workbook (cross-validation only)"
Apr 2026,Combined,8,58,PDF: n=58 of 62,p75,SEP median,SEP median,3.63,"apr-2026 SME results PDF, scenario table read independently of the workbook (cross-validation only)"
Apr 2026,Combined,8,58,PDF: n=58 of 62,p75,SEP median,SEP+50bp,3.13,"apr-2026 SME results PDF, scenario table read independently of the workbook (cross-validation only)"
Apr 2026,Combined,8,58,PDF: n=58 of 62,p75,SEP+50bp,SEP-50bp,4.13,"apr-2026 SME results PDF, scenario table read independently of the workbook (cross-validation only)"
Apr 2026,Combined,8,58,PDF: n=58 of 62,p75,SEP+50bp,SEP median,3.88,"apr-2026 SME results PDF, scenario table read independently of the workbook (cross-validation only)"
Apr 2026,Combined,8,58,PDF: n=58 of 62,p75,SEP+50bp,SEP+50bp,3.63,"apr-2026 SME results PDF, scenario table read independently of the workbook (cross-validation only)"
